{
    "position": {
        "x": 0.5057826697246925,
        "y": 0.2819877369197263,
        "z": 0.0359941966066481
    },
    "orientation": {
        "x": -0.0014179662321113038,
        "y": 0.010997812253986241,
        "z": 0.8237538087759383,
        "w": 0.5668392188482776
    }
}
