{
    "position": {
        "x": 0.49625453387693186,
        "y": -0.21698939455538074,
        "z": 0.03622335732716476
    },
    "orientation": {
        "x": 0.013447920702370997,
        "y": 0.006550013839289306,
        "z": 0.5971125130413267,
        "w": 0.8020180157059812
    }
}
