{
    "position": {
        "x": 0.2946111737123363,
        "y": -0.266285576356287,
        "z": 0.0376952970536612
    },
    "orientation": {
        "x": 0.004644127168563842,
        "y": 0.0030606670907076527,
        "z": 0.2070573771354685,
        "w": 0.9783129902917483
    }
}
