{
    "position": {
        "x": 0.2572414273118663,
        "y": 0.313285680176472,
        "z": 0.035400606377817764
    },
    "orientation": {
        "x": -0.0055728777167997744,
        "y": 0.010399828995448545,
        "z": 0.9431357057163792,
        "w": 0.33219847560409793
    }
}
