{
    "position": {
        "x": 0.33066480005958526,
        "y": -0.25434901102039376,
        "z": 0.03724425900480941
    },
    "orientation": {
        "x": -0.0033352080826443485,
        "y": -0.003177642932945689,
        "z": 0.6593727374969476,
        "w": 0.7518020830100284
    }
}
