{
    "position": {
        "x": 0.5883331669009952,
        "y": 0.008062328309295007,
        "z": 0.0360962641253148
    },
    "orientation": {
        "x": 0.0033443825182185353,
        "y": 0.011385384275049973,
        "z": 0.43360115612765965,
        "w": 0.9010267618307672
    }
}