{
    "position": {
        "x": 0.4534378382387841,
        "y": 0.1613850520920733,
        "z": 0.035685904993602795
    },
    "orientation": {
        "x": 0.005348751556794143,
        "y": 0.0064546959194826245,
        "z": 0.7722872944929426,
        "w": 0.6352181220038843
    }
}
