{
    "position": {
        "x": 0.48260304286954536,
        "y": -0.09878104351633443,
        "z": 0.035514113894926945
    },
    "orientation": {
        "x": 0.00747047789447624,
        "y": -0.0009933209304078677,
        "z": 0.43607570268895895,
        "w": 0.8998784288990864
    }
}
