{
    "position": {
        "x": 0.3874966827955884,
        "y": 0.375713590389127,
        "z": 0.12743689944159203
    },
    "orientation": {
        "x": -0.00747712744313331,
        "y": -0.012820767911893441,
        "z": 0.3624734813170089,
        "w": 0.931875901511181
    }
}