{
    "position": {
        "x": 0.7300422061999409,
        "y": 0.4631088564198501,
        "z": 1.131085855070498
    },
    "orientation": {
        "x": 0.4564251668844799,
        "y": 0.7774477110991499,
        "z": -0.3322315279204855,
        "w": -0.2772604107996435
    }
}