{
    "position": {
        "x": 0.453363849250166,
        "y": -0.15544836856150293,
        "z": 0.1331979524970086
    },
    "orientation": {
        "x": 0.01346414964531424,
        "y": 0.013832631140834287,
        "z": -0.3614176833219586,
        "w": 0.9322041799800292
    }
}