{
    "position": {
        "x": 0.4166389989800405,
        "y": -0.24502430286357907,
        "z": 0.014371867482664391
    },
    "orientation": {
        "x": -0.010822106027059443,
        "y": 0.0011935261356361025,
        "z": 0.1581652805376764,
        "w": 0.9873526226981628
    }
}