{
    "position": {
        "x": 0.4452542735799563,
        "y": -0.12205474950830537,
        "z": 0.13346998836163887
    },
    "orientation": {
        "x": 0.02981284596986242,
        "y": 0.08494341583893748,
        "z": -0.707527953166375,
        "w": 0.700927960498788
    }
}