{
    "panda_joint1": -0.13283940091407548,
    "panda_joint2": -0.8114480020760164,
    "panda_joint3": 0.2606019773192963,
    "panda_joint4": -2.1475693592136937,
    "panda_joint5": 0.2464560642169825,
    "panda_joint6": 1.8283710599058876,
    "panda_joint7": 0.8381415091703972
}