{
    "position": {
        "x": 0.366316,
        "y": -0.218627,
        "z": 0.038042
    },
    "orientation": {
        "x": -0.002357,
        "y": 0.002493,
        "z": 0.656529,
        "w": 0.754293
    }
}