{
    "position": {
        "x": 0.303724,
        "y": 0.286090,
        "z": 0.038378
    },
    "orientation": {
        "x": 0.000426,
        "y": 0.002610,
        "z": 0.970472,
        "w": 0.241198
    }
}