{"translation": [0.020238142129352026, -8.88509017547276e-05, 0.009828654032070987], "rotation": [-0.7070612271512385, 0.7071522391573394, 0.00031043199163902074, -0.0001880056499808089], "std_dev": [1.352207606026195e-06, 1.5388711886795494e-06, 1.2275188358617873e-06]}