{"translation": [0.6221601625020668, 0.187053456773578, 0.026124574668588415], "rotation": [0.0015435457570010657, 0.00036150993207575505, -0.7221766651266387, -0.6917068390030794], "std_dev": [3.720317779962873e-05, 4.685275237372326e-05, 7.532295492947056e-05]}