{"translation": [0.5896080984715939, -0.0030863814919973097, 0.021568427829936475], "rotation": [-0.022347026120433038, 0.002138523552369377, -0.42533585884420294, -0.9047571189672137], "std_dev": [0.0003775933950790594, 0.00038471901840283194, 0.0007427446999746419]}